{
  "ZeyadAhmed/AraElectra-Arabic-SQuADv2-QA": {
    "pRR": 0.3675792954920669,
    "exact_match": 0.13852813852813853,
    "f1": 0.33168953994722544
  },
  "CAMeL-Lab/bert-base-arabic-camelbert-mix": {
    "pRR": 0.1312436447678722,
    "exact_match": 0.0,
    "f1": 0.10510054656721556
  },
  "aubmindlab/araelectra-base-generator": {
    "pRR": 0.14096513250428488,
    "exact_match": 0.0025974025974025974,
    "f1": 0.11102393309775446
  },
  "timpal0l/mdeberta-v3-base-squad2": {
    "pRR": 0.2376515577304802,
    "exact_match": 0.05281385281385281,
    "f1": 0.1168438497608042
  },
  "wissamantoun/araelectra-base-artydiqa": {
    "pRR": 0.35371607144635214,
    "exact_match": 0.12380952380952381,
    "f1": 0.3170142120161807
  },
  "gfdgdfgdg/arap_qa_bert": {
    "pRR": 0.09597852101286525,
    "exact_match": 0.013852813852813853,
    "f1": 0.03329277833737827
  },
  "salti/AraElectra-base-finetuned-ARCD": {
    "pRR": 0.3030058413540315,
    "exact_match": 0.07965367965367966,
    "f1": 0.27834489590910994
  },
  "zohaib99k/Bert_Arabic-SQuADv2-QA": {
    "pRR": 0.3675792954920669,
    "exact_match": 0.13852813852813853,
    "f1": 0.33168953994722544
  },
  "Damith/AraELECTRA-discriminator-QuranQA": {
    "pRR": 0.6650538712405222,
    "exact_match": 0.5177489177489177,
    "f1": 0.6506743087182008
  },
  "Damith/AraELECTRA-discriminator-SOQAL": {
    "pRR": 0.2741659516678222,
    "exact_match": 0.08398268398268398,
    "f1": 0.20483090220400388
  }
}
